{"legality": [[0.3170417249202728, -0.3670162260532379], [-0.638329029083252, 0.07059323787689209], [-5.628201007843018, 5.460746765136719]], "correctness": [[-4.094740390777588, 2.7977073192596436], [-2.7786149978637695, 1.790785312652588], [-4.985812664031982, 3.884075403213501]], "robustness": [[7.6967453956604, -7.892665863037109], [10.67824649810791, -10.831429481506348], [-4.2164177894592285, 4.0947089195251465]], "fairness": [[6.394073009490967, -6.89521598815918], [-2.9642221927642822, 2.393878698348999], [2.2038967609405518, -1.9912939071655273]], "responsibility": [[-3.0854742527008057, 2.316002130508423], [9.83552074432373, -9.361678123474121], [4.401307582855225, -4.74190616607666]]}