{"legality": [[0.3170417249202728, -0.3670162260532379], [2.735306739807129, -2.502613067626953], [14.959989547729492, -14.592633247375488]], "correctness": [[4.285707950592041, -4.746908187866211], [12.126702308654785, -12.178560256958008], [-1.8075141906738281, 1.3466732501983643]], "robustness": [[-7.909632205963135, 6.892837047576904], [-4.2164177894592285, 4.0947089195251465], [13.541950225830078, -14.001260757446289]], "fairness": [[-2.7708168029785156, 2.6416335105895996], [10.593023300170898, -11.130660057067871], [2.450342893600464, -2.917304754257202]], "responsibility": [[-7.049377918243408, 6.14832878112793], [-4.552890300750732, 4.87943172454834], [-2.303252935409546, 1.9565355777740479]]}