{"legality": [[-6.0468668937683105, 5.426202774047852], [13.797613143920898, -13.298846244812012], [4.234408378601074, -3.853306770324707]], "correctness": [[4.285707950592041, -4.746908187866211], [-5.869271755218506, 5.266214370727539], [-2.703643560409546, 2.5238401889801025]], "robustness": [[-8.163230895996094, 8.535008430480957], [7.735514163970947, -7.761092662811279], [-2.5786025524139404, 2.2547593116760254]], "fairness": [[6.394073009490967, -6.89521598815918], [-2.049269914627075, 2.362736463546753], [-5.540449619293213, 4.931175231933594]], "responsibility": [[9.83552074432373, -9.361678123474121], [8.433985710144043, -8.813416481018066], [4.376195430755615, -4.527096748352051]]}