{"legality": [[-0.40788188576698303, 0.6416685581207275], [-6.0468668937683105, 5.426202774047852], [-5.628201007843018, 5.460746765136719]], "correctness": [[-2.3120107650756836, 1.94638192653656], [-1.553054928779602, 1.005988597869873], [-1.7349588871002197, 0.9855579733848572]], "robustness": [[-4.082140922546387, 4.088324069976807], [7.6967453956604, -7.892665863037109], [-3.106959581375122, 3.097332000732422]], "fairness": [[2.2038967609405518, -1.9912939071655273], [-3.7164885997772217, 4.478377819061279], [5.644866466522217, -6.01180362701416]], "responsibility": [[16.742835998535156, -16.56675148010254], [-5.201747417449951, 4.9838786125183105], [-4.709621429443359, 4.038482666015625]]}