{"identity": [0.9999284744262695, 0.9998666644096375, 0.9999817609786987, 0.9999982714653015, 0.8980187773704529, 0.9999712109565735, 0.9999992847442627, 0.9999834895133972, 0.9999977946281433, 0.9999992251396179, 0.9872360229492188, 0.9999914765357971, 0.999987781047821, 0.9999944567680359, 0.9991967678070068, 0.9999997019767761, 0.9999976754188538, 0.9975435137748718, 0.9843363761901855, 1.0, 0.999974250793457, 0.9986581206321716, 0.9999998211860657, 0.999938428401947, 0.9992969036102295, 0.9999662041664124, 0.9999991059303284, 0.9999996423721313, 0.9999709725379944, 0.999999463558197, 0.9999578595161438, 0.9999861717224121, 0.9765183925628662, 0.9994024038314819, 0.9999987483024597, 0.9999670386314392, 0.9999761581420898, 0.9999166131019592, 0.9999963641166687, 0.9975672364234924, 0.9985120296478271, 0.9999756813049316, 0.9998555779457092, 0.9998698234558105, 0.9999985694885254, 0.9882482886314392, 0.9999586939811707, 0.9999940991401672, 0.9992384910583496, 0.9999908208847046, 0.5113856792449951, 0.9396789073944092, 0.9999276995658875, 0.9978287816047668, 0.6335309743881226, 0.5826066732406616, 0.9998471736907959, 0.9997689127922058, 0.9931586980819702, 0.9721990823745728, 0.6212276220321655, 0.999274492263794, 0.8766180276870728, 0.9986433386802673, 0.5562053918838501, 0.6714105010032654, 0.4786962568759918, 0.9997844696044922, 0.9789219498634338, 0.722213864326477, 0.9888981580734253, 0.9064638614654541, 0.7508213520050049, 0.793839156627655, 0.9215283393859863, 0.9918549656867981, 0.578050434589386, 0.48585110902786255, 0.998293936252594, 0.9999964237213135, 0.9924773573875427, 0.9666438698768616, 0.983018159866333, 0.8586348295211792, 0.9975297451019287, 0.6405983567237854, 0.9785770177841187, 0.9997252821922302, 0.9598122835159302, 0.9737033247947693, 0.756910502910614, 0.9338613152503967, 0.9785014986991882, 0.9987966418266296, 0.9994310736656189, 0.934181809425354, 0.73079514503479, 0.8568046689033508, 0.9913667440414429, 0.4694681465625763], "correctness": 83, "robustness": 2, "fairness": 9, "efficiency": 0}