{"identity": "0.9998590.9999590.9999881.0000000.9964821.000000", "correctness": 5, "robustness": 6, "fairness": 11, "efficiency": 0}