{"identity": "0.9998580.9999590.9999841.0000000.9964821.000000", "correctness": 4, "robustness": 6, "fairness": 9, "efficiency": 1}